{
  "disc": {
    "layer": [
      0,
      1,
      2,
      3,
      4,
      5,
      6,
      7,
      8,
      9,
      10,
      11,
      12,
      13,
      14,
      15,
      16,
      17,
      18,
      19,
      20,
      21,
      22,
      23,
      24,
      25,
      26,
      27,
      28,
      29,
      30,
      31,
      32
    ],
    "accuracy": [
      1.0,
      1.0,
      1.0,
      1.0,
      1.0,
      1.0,
      1.0,
      1.0,
      1.0,
      1.0,
      1.0,
      1.0,
      1.0,
      1.0,
      1.0,
      1.0,
      1.0,
      1.0,
      1.0,
      1.0,
      1.0,
      1.0,
      1.0,
      1.0,
      1.0,
      1.0,
      1.0,
      1.0,
      1.0,
      1.0,
      1.0,
      1.0,
      1.0
    ],
    "auc": [
      1.0,
      1.0,
      1.0,
      1.0,
      1.0,
      1.0,
      1.0,
      1.0,
      1.0,
      1.0,
      1.0,
      1.0,
      1.0,
      1.0,
      1.0,
      1.0,
      1.0,
      1.0,
      1.0,
      1.0,
      1.0,
      1.0,
      1.0,
      1.0,
      1.0,
      1.0,
      1.0,
      1.0,
      1.0,
      1.0,
      1.0,
      1.0,
      1.0
    ],
    "chance_acc": 0.5023328149300156
  },
  "style": {
    "layer": [
      0,
      1,
      2,
      3,
      4,
      5,
      6,
      7,
      8,
      9,
      10,
      11,
      12,
      13,
      14,
      15,
      16,
      17,
      18,
      19,
      20,
      21,
      22,
      23,
      24,
      25,
      26,
      27,
      28,
      29,
      30,
      31,
      32
    ],
    "accuracy": [
      0.510125968992248,
      0.8459907945736435,
      0.8459907945736435,
      0.8693556201550388,
      0.8817708333333332,
      0.8973837209302324,
      0.9098352713178294,
      0.9222383720930232,
      0.9269137596899224,
      0.919173934108527,
      0.9564680232558139,
      0.950266472868217,
      0.9486918604651162,
      0.9424903100775193,
      0.950266472868217,
      0.944016472868217,
      0.9362645348837209,
      0.93781492248062,
      0.9362766472868216,
      0.9424660852713178,
      0.9580184108527131,
      0.9564437984496124,
      0.9502422480620154,
      0.9517926356589147,
      0.9533551356589147,
      0.9455910852713177,
      0.9580426356589147,
      0.9658187984496124,
      0.9657945736434108,
      0.958030523255814,
      0.9595930232558139,
      0.9658187984496124,
      0.9611555232558139
    ],
    "auc": [
      0.5254625084788782,
      0.8876498668506372,
      0.9118475258581181,
      0.9422542132701015,
      0.9561507618079595,
      0.9684363408484739,
      0.9700584379688856,
      0.9818300273524153,
      0.9813256716001059,
      0.9810274489860431,
      0.9905680715261843,
      0.9883127999160738,
      0.986285117724694,
      0.9839503779802288,
      0.9901992388752138,
      0.989694014681978,
      0.9877249001466624,
      0.9853987521777604,
      0.9882042679587215,
      0.9862680731241154,
      0.991104663805675,
      0.9919266141943079,
      0.9926578761918193,
      0.9914091391944064,
      0.9896266468245283,
      0.9895706034367565,
      0.9919348701727131,
      0.9934284843528947,
      0.9930894102776626,
      0.9930928724621552,
      0.9933858496930235,
      0.9949817893727377,
      0.9930993105042214
    ],
    "chance_acc": 0.5147744945567652
  }
}